strategy_id,entry_bar,entry_ts_ms,entry_time,entry_price,exit_bar,exit_ts_ms,exit_time,exit_price,exit_reason,stop_loss,take_profit,fees_paid,return_pct,capital_before,capital_after
bot01_mean_reversion,2255,1756813800000,2025-09-02 11:50:00+00:00,109778.20167,2258,1756814700000,2025-09-02 12:05:00+00:00,109503.07823695034,stop_loss,109557.8571655331,110054.30566893377,0.39929926614676603,-0.35036692661701957,800.0,999.0999668806191
bot01_mean_reversion,2682,1756942500000,2025-09-03 23:35:00+00:00,111684.47433,2690,1756944900000,2025-09-04 00:15:00+00:00,111824.84201796482,take_profit,111502.5987954153,111880.7824091694,0.3996910541125254,0.025556681999078748,799.2799735044953,998.9511631801604
bot01_mean_reversion,2716,1756952700000,2025-09-04 02:25:00+00:00,111475.099695,2726,1756955700000,2025-09-04 03:15:00+00:00,111636.843655,signal,111237.51762676335,111783.13474647328,0.399670269295193,0.044949155894109125,799.1609305441283,998.84108716663
bot01_mean_reversion,5431,1757771400000,2025-09-13 13:50:00+00:00,115792.03708499999,5433,1757772000000,2025-09-13 14:00:00+00:00,115604.64884335274,stop_loss,115662.48008339443,115877.54983321112,0.39901370160146343,-0.26166988518232737,799.0728697333041,998.1191084172733
bot01_mean_reversion,6257,1758020400000,2025-09-16 11:00:00+00:00,115331.63699999999,6263,1758022200000,2025-09-16 11:30:00+00:00,115377.812235,signal,115160.71483382813,115500.57033234373,0.39912786285136886,-0.06000311712820365,798.4952867338186,997.7998238605649
bot01_mean_reversion,7552,1758411000000,2025-09-20 23:30:00+00:00,115709.98608,7560,1758413400000,2025-09-21 00:10:00+00:00,115662.48982500001,signal,115612.71957925752,115731.04084148497,0.39883853677535097,-0.1410066238467829,798.2398590884519,997.3191525196867
bot01_mean_reversion,7756,1758472500000,2025-09-21 16:35:00+00:00,115392.64748999999,7758,1758473100000,2025-09-21 16:45:00+00:00,115219.8999423492,stop_loss,115277.53871170506,115449.86257658988,0.3984298902104559,-0.24955441603684284,797.8553220157494,996.6224156625614
bot01_mean_reversion,7916,1758520500000,2025-09-22 05:55:00+00:00,113744.24369999999,7917,1758520800000,2025-09-22 06:00:00+00:00,113432.29787111726,stop_loss,113489.04239231341,114084.11521537318,0.3979035371119264,-0.37397771783140527,797.2979325300491,995.6784074554838
bot01_mean_reversion,8342,1758648900000,2025-09-23 17:35:00+00:00,112172.34814499998,8346,1758650100000,2025-09-23 17:55:00+00:00,111845.29145165275,stop_loss,111901.24207268909,112546.3858546218,0.3974921955020072,-0.39127466978896774,796.542725964387,994.7008834612866
bot01_mean_reversion,9641,1759040700000,2025-09-28 06:25:00+00:00,109338.65200499998,9643,1759041300000,2025-09-28 06:35:00+00:00,109293.05387791555,take_profit,109252.15112910677,109347.72774178644,0.3975985310065754,-0.14166187173705708,795.7607067690293,994.220402729033
bot01_mean_reversion,12112,1759785600000,2025-10-06 21:20:00+00:00,124833.42551999999,12119,1759787700000,2025-10-06 21:55:00+00:00,125049.40402000002,signal,124525.17305326436,125262.77389347125,0.3978329998029575,0.07284034352279091,795.3763221832264,994.1662525211202
bot01_mean_reversion,12220,1759818300000,2025-10-07 06:25:00+00:00,123951.50477999999,12230,1759821300000,2025-10-07 07:15:00+00:00,123636.4965706223,stop_loss,123698.34574349404,124271.98851301191,0.3969628616871267,-0.3538841313196206,795.3330020168962,993.2644835886159
bot01_mean_reversion,13376,1760166900000,2025-10-11 07:15:00+00:00,111127.47597,13380,1760168100000,2025-10-11 07:35:00+00:00,110565.27324838571,stop_loss,110620.58354015579,111974.65291968844,0.3961031447670421,-0.6054020295073543,794.6115868708928,991.8643846721624
bot01_mean_reversion,13520,1760210100000,2025-10-11 19:15:00+00:00,111306.6255,13521,1760210400000,2025-10-11 19:20:00+00:00,110942.32865378799,stop_loss,110997.82756757177,111757.34486485644,0.39589877317992056,-0.4269639590015129,793.4915077377299,990.8198780869725
bot01_mean_reversion,13577,1760227500000,2025-10-12 00:05:00+00:00,110358.16150499998,13581,1760228700000,2025-10-12 00:25:00+00:00,109967.57815838975,stop_loss,110022.5894531163,110863.85109376737,0.3954291399470836,-0.45356946685445426,792.655902469578,989.7238016349374
bot01_mean_reversion,13994,1760353200000,2025-10-13 11:00:00+00:00,114515.819295,13995,1760353500000,2025-10-13 11:05:00+00:00,114149.90250045813,stop_loss,114207.00600345986,114961.75799308027,0.39505970790083733,-0.4192143059341227,791.7790413079499,988.6968739342258
bot01_mean_reversion,14836,1760607000000,2025-10-16 09:30:00+00:00,109819.88249999999,14838,1760607600000,2025-10-16 09:40:00+00:00,110363.48054956312,take_profit,109438.15505274481,110418.68989451036,0.39625882264299805,0.39449556778896705,790.9574991473806,989.2784275556774
bot01_mean_reversion,14891,1760623500000,2025-10-16 14:05:00+00:00,110480.22250499998,14893,1760624100000,2025-10-16 14:15:00+00:00,109973.54028208899,stop_loss,110028.55455936867,111217.92088126265,0.39460702088625055,-0.5581594146094171,791.4227420445419,987.9773260842819
bot01_mean_reversion,15078,1760679900000,2025-10-17 05:45:00+00:00,108561.72373499999,15079,1760680200000,2025-10-17 05:50:00+00:00,108250.02079474996,stop_loss,108304.17288119055,108914.0642376189,0.39442656526105396,-0.3868333576481263,790.3818608674255,987.0161298115789
bot01_mean_reversion,15591,1760834700000,2025-10-19 00:45:00+00:00,106818.972795,15604,1760838600000,2025-10-19 01:50:00+00:00,106926.51000000001,signal,106617.78313744474,107061.20372511049,0.39480758049907794,0.0005717102346459589,789.6129038492631,986.8198540314885
bot01_mean_reversion,16573,1761130800000,2025-10-22 11:00:00+00:00,107210.58850499999,16575,1761131400000,2025-10-22 11:10:00+00:00,107695.77576168001,take_profit,106860.68970651325,107749.65058697348,0.395422865674281,0.35210279710453385,789.4558832251907,987.316719198306
bot01_mean_reversion,16872,1761220800000,2025-10-23 12:00:00+00:00,108776.431035,16883,1761224100000,2025-10-23 12:55:00+00:00,109118.38351500001,signal,108451.40170819346,109263.4065836131,0.39534935460095566,0.214048295452978,789.8533753586448,987.541500109178
bot01_mean_reversion,17844,1761513900000,2025-10-26 21:25:00+00:00,113125.5345,17846,1761514500000,2025-10-26 21:35:00+00:00,113310.75534224798,take_profit,112919.78046911057,113367.43906177886,0.39514214940864834,0.0635666273079403,790.0332000873424,987.4694156247683
bot01_mean_reversion,18784,1761797400000,2025-10-30 04:10:00+00:00,110067.65632499999,18786,1761798000000,2025-10-30 04:20:00+00:00,109693.53405171564,stop_loss,109748.40825584356,110541.13348831287,0.3941196578000835,-0.43956219609827635,789.9755324998147,986.4046814002694
bot01_mean_reversion,19471,1762004400000,2025-11-01 13:40:00+00:00,109837.90150499999,19473,1762005000000,2025-11-01 13:50:00+00:00,109915.11198074104,take_profit,109689.46648537216,109970.09702925566,0.39450313144097077,-0.029775365144056952,789.1237451202155,986.1487180859715
bot01_mean_reversion,19863,1762122600000,2025-11-02 22:30:00+00:00,109588.76699999999,19867,1762123800000,2025-11-02 22:50:00+00:00,109735.71428672854,take_profit,109405.69520423784,109790.6095915243,0.39452645786553275,0.03395564478046636,788.9189744687772,986.0183920028672
bot01_mean_reversion,20065,1762183500000,2025-11-03 15:25:00+00:00,106041.92446499999,20072,1762185600000,2025-11-03 16:00:00+00:00,105434.98019247403,stop_loss,105487.72405450128,106991.34189099743,0.3930825618225468,-0.6717901964836197,788.8147136022938,984.4977181408451
bot01_mean_reversion,20230,1762233300000,2025-11-04 05:15:00+00:00,106226.44668,20231,1762233600000,2025-11-04 05:20:00+00:00,105826.58795693304,stop_loss,105879.52772079343,106761.02455841315,0.39286175752281116,-0.4760446450282064,787.5981745126761,983.3644261934236
bot01_mean_reversion,20892,1762432800000,2025-11-06 12:40:00+00:00,102496.14245999999,20898,1762434600000,2025-11-06 13:10:00+00:00,102851.338605,signal,102173.23371102032,102988.29257795936,0.39382997778466466,0.24619932061685448,786.6915409547389,983.6514764081728
bot01_mean_reversion,21453,1762602000000,2025-11-08 11:40:00+00:00,102082.25562,21454,1762602300000,2025-11-08 11:45:00+00:00,101810.749313697,stop_loss,101861.68015377388,102370.35969245224,0.39274114354342143,-0.36570220098422,786.9211811265383,982.7360185400634
bot01_mean_reversion,21454,1762602300000,2025-11-08 11:45:00+00:00,102018.333675,21455,1762602600000,2025-11-08 11:50:00+00:00,101733.0317523615,stop_loss,101783.9237142186,102334.2025715628,0.3923487508729071,-0.3793778436176484,786.1888148320506,981.7945604497802
bot01_mean_reversion,21603,1762647300000,2025-11-09 00:15:00+00:00,101727.69842999999,21607,1762648500000,2025-11-09 00:35:00+00:00,101944.42190092354,take_profit,101517.58019463555,101995.4196107289,0.3929393753360342,0.11282969220187025,785.4356483598242,981.8195311426562
bot01_mean_reversion,22326,1762865100000,2025-11-11 12:45:00+00:00,104497.62269999999,22334,1762867500000,2025-11-11 13:25:00+00:00,104158.95197336336,stop_loss,104211.05750211442,104914.08499577116,0.39189568093828697,-0.4237700984655966,785.4556249141249,980.7918678491708
bot01_mean_reversion,22907,1763040300000,2025-11-13 13:25:00+00:00,102604.27649999999,22908,1763040600000,2025-11-13 13:30:00+00:00,102259.82700519024,stop_loss,102310.98249643845,103037.0350071231,0.39146273035776835,-0.4353710557229582,784.6334942793367,979.7425467104829
bot01_mean_reversion,24832,1763620800000,2025-11-20 06:40:00+00:00,91891.00254,24845,1763624700000,2025-11-20 07:45:00+00:00,92301.76071727746,take_profit,91593.65265769012,92347.93468461976,0.39257609561654283,0.34655886621930276,783.7940373683863,980.224996056558
bot01_mean_reversion,24921,1763647500000,2025-11-20 14:05:00+00:00,90673.04386499999,24926,1763649000000,2025-11-20 14:30:00+00:00,91500.12889097794,take_profit,90168.64407905056,91545.90184189889,0.3936804131084253,0.8112498111149489,784.1799968452464,981.6177753284629
bot01_mean_reversion,26010,1763976000000,2025-11-24 09:20:00+00:00,86087.732355,26024,1763980200000,2025-11-24 10:30:00+00:00,85695.41235879362,stop_loss,85738.28149954339,86657.56700091324,0.39155699331893734,-0.5552654199253106,785.2942202627703,980.3324250777619
bot01_mean_reversion,27138,1764315900000,2025-11-28 07:45:00+00:00,90995.485005,27147,1764318900000,2025-11-28 08:35:00+00:00,91211.84187899492,take_profit,90796.27969284896,91257.47061430207,0.39240261798740483,0.1375288368528012,784.2659400622094,980.40573690109
bot01_mean_reversion,27655,1764471900000,2025-11-30 03:05:00+00:00,90688.32149999999,27657,1764472500000,2025-11-30 03:15:00+00:00,90494.799341928,stop_loss,90540.0693766163,90848.8612467674,0.3915482093968078,-0.3131791974051609,784.324589520872,979.5961844754452
bot01_mean_reversion,27872,1764537300000,2025-11-30 21:15:00+00:00,91105.54000499999,27873,1764537600000,2025-11-30 21:20:00+00:00,90874.65990212532,stop_loss,90920.11996210637,91339.79007578724,0.39114655156912403,-0.35316706619502125,783.6769475803561,978.7090349397171
bot01_mean_reversion,27873,1764537600000,2025-11-30 21:20:00+00:00,90997.666095,27881,1764540000000,2025-11-30 22:00:00+00:00,91205.9064471244,take_profit,90802.51889338449,91251.53221323101,0.3917353625630735,0.12861257953044264,782.9672279517737,978.7647899713287
bot01_mean_reversion,28290,1764663300000,2025-12-02 08:15:00+00:00,86593.09491,28293,1764664200000,2025-12-02 08:30:00+00:00,86341.4793239917,stop_loss,86384.67165982162,86880.11668035679,0.3907419278751304,-0.39028177210149106,783.0118319770629,977.8058128880466
bot01_mean_reversion,28902,1764847800000,2025-12-04 11:30:00+00:00,92807.47054499999,28915,1764851700000,2025-12-04 12:35:00+00:00,92957.827835,signal,92565.39412608097,93152.48174783807,0.39124327560765965,0.061847889860533835,782.2446503104372,977.7310812274575
bot01_mean_reversion,28993,1764875400000,2025-12-04 19:10:00+00:00,91330.712535,28995,1764876000000,2025-12-04 19:20:00+00:00,90841.26469649155,stop_loss,90886.7080505168,92081.79389896643,0.3898499880239399,-0.6353712646034132,782.184864981966,976.2943329886359
bot01_mean_reversion,29612,1765062000000,2025-12-06 23:00:00+00:00,89153.324385,29616,1765063200000,2025-12-06 23:20:00+00:00,88924.1099706394,stop_loss,88968.59426777328,89389.12146445346,0.3898209631298343,-0.3568442641099799,781.0354663909087,975.4030008264837
bot01_mean_reversion,31068,1765500900000,2025-12-12 00:55:00+00:00,91624.22922,31075,1765503000000,2025-12-12 01:30:00+00:00,92218.58764000001,signal,91223.13811899486,92289.04376201029,0.3912303251756002,0.548042626535313,780.322400661187,976.2759759464801
bot01_mean_reversion,31363,1765590000000,2025-12-13 01:40:00+00:00,90191.6733,31368,1765591500000,2025-12-13 02:05:00+00:00,90249.36575132297,take_profit,90072.64349608657,90294.51300782688,0.39043990818828694,-0.036097472457412655,781.0207807571841,976.010309043176
bot01_mean_reversion,31516,1765635900000,2025-12-13 14:25:00+00:00,90011.9835,31518,1765636500000,2025-12-13 14:35:00+00:00,90139.43766715903,take_profit,89858.23503393745,90184.5299321251,0.39048504519959115,0.04145529077453984,780.8082472345408,975.8959476421057
bot01_mean_reversion,33272,1766165400000,2025-12-19 17:30:00+00:00,87053.855175,33288,1766170200000,2025-12-19 18:50:00+00:00,87255.09063,signal,86503.48876187259,88024.07247625483,0.39061392885524204,0.13093086359113015,780.7167581136846,975.9560627011787
bot01_mean_reversion,33655,1766280900000,2025-12-21 01:35:00+00:00,88162.06900499998,33659,1766282100000,2025-12-21 01:55:00+00:00,88001.41272899466,stop_loss,88045.43544671802,88263.15910656395,0.3898318958526609,-0.28204611296066784,780.764850160943,975.2108927900557
bot01_mean_reversion,34149,1766430000000,2025-12-22 19:00:00+00:00,88834.81520999999,34155,1766431800000,2025-12-22 19:30:00+00:00,88452.20287945676,stop_loss,88496.45110500926,89378.35778998148,0.3890501066071089,-0.5302701787684377,780.1687142320445,973.9826343530931
bot01_mean_reversion,34528,1766544000000,2025-12-24 02:40:00+00:00,87143.40993,34532,1766545200000,2025-12-24 03:00:00+00:00,86869.1866412554,stop_loss,86912.64296273676,87474.2940745265,0.3887858835818324,-0.4143657858648445,779.1861074824744,972.981474836977
bot01_mean_reversion,34882,1766650800000,2025-12-25 08:20:00+00:00,87400.43837999999,34889,1766652900000,2025-12-25 08:55:00+00:00,87518.16394000703,take_profit,87254.16754376836,87561.94491246325,0.3892598464321747,0.0345620647069295,778.3851798695816,972.8540677828962
bot01_mean_reversion,35026,1766694300000,2025-12-25 20:25:00+00:00,87803.869995,35035,1766697000000,2025-12-25 21:10:00+00:00,87945.995005,signal,87639.46148745908,88001.04702508188,0.3892616862292986,0.06170458659521037,778.283254226317,972.7794360263636
bot01_mean_reversion,36176,1767041100000,2025-12-29 20:45:00+00:00,87178.817625,36181,1767042600000,2025-12-29 21:10:00+00:00,87317.20955500001,signal,86960.2358202439,87485.27835951219,0.38922575723138025,0.058586158698224755,778.2235488210908,972.6987489771723
bot01_mean_reversion,37245,1767363300000,2026-01-02 14:15:00+00:00,88866.21089999999,37248,1767364200000,2026-01-02 14:30:00+00:00,88597.56431668374,stop_loss,88641.88525931339,89181.62948137322,0.3882974454626176,-0.40200222786018447,778.1589991817378,971.7229371532538
bot01_mean_reversion,38616,1767776700000,2026-01-07 09:05:00+00:00,92575.48461,38617,1767777000000,2026-01-07 09:10:00+00:00,92359.77834421374,stop_loss,92405.98133488117,92775.69733023766,0.38804244891111994,-0.3327728128329933,777.378349722603,970.8825133415917
bot01_mean_reversion,39581,1768067700000,2026-01-10 17:55:00+00:00,90593.91432,39583,1768068300000,2026-01-10 18:05:00+00:00,90461.89048503208,stop_loss,90507.1440570606,90631.63188587879,0.38787613555585343,-0.2455857295966565,776.7060106732733,970.2119439279209
bot01_mean_reversion,40112,1768227600000,2026-01-12 14:20:00+00:00,90268.061475,40114,1768228200000,2026-01-12 14:30:00+00:00,90513.08051406319,take_profit,90055.24515304492,90558.35969391014,0.38841690728336764,0.17116348354497912,776.1695551423367,970.3496991216223
bot01_mean_reversion,41398,1768615500000,2026-01-17 02:05:00+00:00,95338.98567,41404,1768617300000,2026-01-17 02:35:00+00:00,95174.27707025957,stop_loss,95221.8880142667,95430.2439714666,0.387610867787346,-0.2725882544106616,776.2797592972978,969.6271463323562
bot01_mean_reversion,41638,1768687800000,2026-01-17 22:10:00+00:00,95233.362885,41643,1768689300000,2026-01-17 22:35:00+00:00,95090.17812759045,stop_loss,95137.74700109099,95281.81599781803,0.3873656549471648,-0.25020111473420636,775.701717065885,968.9485025208978
bot01_mean_reversion,42211,1768860600000,2026-01-19 22:10:00+00:00,92891.51254499999,42214,1768861500000,2026-01-19 22:25:00+00:00,93011.31424905284,take_profit,92738.71341468093,93057.84317063815,0.38763529095432114,0.028840514132893996,775.1588020167183,968.8105468764097
bot01_mean_reversion,42662,1768996500000,2026-01-21 11:55:00+00:00,88844.4,42664,1768997100000,2026-01-21 12:05:00+00:00,88593.6954671962,stop_loss,88638.01447443341,89123.9710511332,0.3867842380605364,-0.3819016485799749,775.0484375011278,967.8775440576969
bot01_mean_reversion,42969,1769089200000,2026-01-22 13:40:00+00:00,89662.99909499999,42973,1769090400000,2026-01-22 14:00:00+00:00,89398.41837393,stop_loss,89443.13994390196,89968.2901121961,0.38638680392603386,-0.39478842222180865,774.3020352461575,966.9205190655375
bot01_mean_reversion,43267,1769178900000,2026-01-23 14:35:00+00:00,88701.33850499999,43270,1769179800000,2026-01-23 14:50:00+00:00,89068.38915255504,take_profit,88429.04218731612,89112.94562536772,0.3873742565407315,0.31339127806603534,773.5364152524301,967.3325778273264
bot01_mean_reversion,43525,1769256600000,2026-01-24 12:10:00+00:00,89587.78150499999,43530,1769258100000,2026-01-24 12:35:00+00:00,89471.91929161148,stop_loss,89516.6776304267,89595.67473914659,0.38648960817180683,-0.2291988139796319,773.8660622618611,966.6961317755963
bot01_mean_reversion,44910,1769674200000,2026-01-29 08:10:00+00:00,87991.463745,44913,1769675100000,2026-01-29 08:25:00+00:00,88188.51340300796,take_profit,87804.92014106657,88232.62971786689,0.38691764783874616,0.12371784713166366,773.356905420477,966.7417484826202
bot01_mean_reversion,45844,1769955900000,2026-02-01 14:25:00+00:00,77898.93,45845,1769956200000,2026-02-01 14:30:00+00:00,77570.17492724206,stop_loss,77608.97941695053,78362.04116609892,0.3856881834085544,-0.5216056853222186,773.3933987860962,965.5408926644145
bot01_mean_reversion,46423,1770130500000,2026-02-03 14:55:00+00:00,77244.012705,46429,1770132300000,2026-02-03 15:25:00+00:00,77996.234809446,take_profit,76790.48878216809,78035.25243566383,0.38790190556390636,0.8728519480357317,772.4327141315316,967.0316474355241
bot01_mean_reversion,47667,1770505500000,2026-02-07 23:05:00+00:00,68984.93523,47675,1770507900000,2026-02-07 23:45:00+00:00,69326.15958,signal,68715.17496764348,69421.03006471305,0.3875749533915051,0.3941414013269407,773.6253179484193,967.5997732289152
bot01_mean_reversion,47878,1770569100000,2026-02-08 16:45:00+00:00,70440.8028,47889,1770572400000,2026-02-08 17:40:00+00:00,70785.919335,signal,70119.6494380414,70977.50112391722,0.3877935697581024,0.38944845140946965,774.0798185831321,968.1591600803392
bot01_mean_reversion,50555,1771376400000,2026-02-18 01:00:00+00:00,67187.67705,50561,1771378200000,2026-02-18 01:30:00+00:00,66965.6583741152,stop_loss,66999.15795309174,67463.98409381656,0.38643082431325604,-0.43011508500860934,774.5273280642714,967.1335213691624
bot01_mean_reversion,51899,1771781400000,2026-02-22 17:30:00+00:00,67338.262305,51915,1771786200000,2026-02-22 18:50:00+00:00,67402.99164500002,signal,67173.78531564942,67566.25936870115,0.38684572858075816,-0.003970479120592645,773.7068170953299,966.9324223779487
bot01_mean_reversion,51983,1771806900000,2026-02-23 00:35:00+00:00,67244.46543,51985,1771807500000,2026-02-23 00:45:00+00:00,67036.60746173406,stop_loss,67070.14253300056,67492.29493399887,0.38598240730032185,-0.4087988118722129,773.5459379023589,965.9492648042662
bot01_mean_reversion,52152,1771857900000,2026-02-23 14:45:00+00:00,65683.61539499999,52158,1771859700000,2026-02-23 15:15:00+00:00,66164.58516951183,take_profit,65377.3429942412,66197.68401151759,0.38759973854406654,0.6315200325801734,772.759411843413,966.974887541043
bot01_mean_reversion,52167,1771862400000,2026-02-23 16:00:00+00:00,65442.805049999995,52181,1771866600000,2026-02-23 17:10:00+00:00,65066.3603974811,stop_loss,65098.9098524073,66032.4802951854,0.3854852124653094,-0.6746517246304728,773.5799100328344,965.4780547549781
bot01_mean_reversion,52277,1771895400000,2026-02-24 01:10:00+00:00,64361.894865,52278,1771895700000,2026-02-24 01:15:00+00:00,64100.02856739156,stop_loss,64132.0946146989,64725.00077060221,0.385213272650584,-0.5064585603944065,772.3824438039825,964.3079878418713
bot01_mean_reversion,52822,1772059800000,2026-02-25 22:50:00+00:00,68173.219575,52832,1772062800000,2026-02-25 23:40:00+00:00,67757.78784256353,stop_loss,67791.68368440573,68834.08263118853,0.38435625510677396,-0.7087673477815798,771.4463902734971,962.7495531543584
bot01_mean_reversion,53323,1772210700000,2026-02-27 16:45:00+00:00,65521.454354999994,53331,1772213100000,2026-02-27 17:25:00+00:00,65167.39651621632,stop_loss,65199.996514473554,66066.1369710529,0.38386783118481616,-0.639828952862522,770.1996425234868,961.3262451568773
bot01_mean_reversion,53801,1772355000000,2026-03-01 08:50:00+00:00,66541.34404499999,53811,1772358000000,2026-03-01 09:40:00+00:00,66236.85715885427,stop_loss,66269.99215493174,66984.2856901365,0.3834593250371491,-0.5571329353580164,769.0609961255019,960.0638780552697
bot01_mean_reversion,54445,1772549100000,2026-03-03 14:45:00+00:00,66310.43865,54454,1772551800000,2026-03-03 15:30:00+00:00,67153.75149212766,take_profit,65822.277417645,67187.34516471002,0.38627304745864016,1.1704930723385292,768.0511024442158,962.1171140199544
bot01_mean_reversion,54597,1772595000000,2026-03-04 03:30:00+00:00,67555.19071499999,54613,1772599800000,2026-03-04 04:50:00+00:00,67729.05853000001,signal,67207.43447734059,68149.42104531878,0.38514917001260496,0.157114139338002,769.6936912159636,962.226712677369
bot01_mean_reversion,54828,1772664600000,2026-03-04 22:50:00+00:00,72701.342505,54836,1772667000000,2026-03-04 23:30:00+00:00,72367.6953358944,stop_loss,72403.89728453667,73187.23543092665,0.38381593642161477,-0.5584695556530715,769.7813701418952,960.96059343415
bot01_mean_reversion,54915,1772690700000,2026-03-05 06:05:00+00:00,72145.15455,54921,1772692500000,2026-03-05 06:35:00+00:00,72472.915415,signal,71849.79309250475,72627.71381499051,0.3850643153665896,0.35385321602999364,768.76847474732,961.4477992303998
bot01_mean_reversion,54936,1772697000000,2026-03-05 07:50:00+00:00,71836.36023,54946,1772700000000,2026-03-05 08:40:00+00:00,72144.999455,signal,71553.955934377,72293.46813124605,0.3852121608205048,0.3292124277842087,769.1582393843198,961.8879177577702
bot01_mean_reversion,55184,1772772000000,2026-03-06 04:40:00+00:00,70554.54964499999,55195,1772775300000,2026-03-06 05:35:00+00:00,70254.191877933,stop_loss,70289.3365462061,70979.19690758777,0.3837446378961913,-0.525284281183395,769.5103342062162,960.6860214965088
bot01_mean_reversion,55463,1772856000000,2026-03-07 04:00:00+00:00,67943.21462999999,55471,1772858400000,2026-03-07 04:40:00+00:00,68107.75908500001,signal,67756.91948751952,68213.94102496094,0.3845471227650715,0.14193719923349904,768.5488171972071,960.766325744511
bot01_mean_reversion,55583,1772892300000,2026-03-07 14:05:00+00:00,67736.97155999999,55589,1772894100000,2026-03-07 14:35:00+00:00,67935.09135629155,take_profit,67570.14205288065,67969.07589423867,0.3846758325495828,0.19219150478251024,768.6130605956089,960.9431054288889
bot01_mean_reversion,55630,1772906400000,2026-03-07 18:00:00+00:00,67647.81700499999,55645,1772910900000,2026-03-07 19:15:00+00:00,67461.20429241381,stop_loss,67494.95176829795,67852.12646340409,0.3836554137682066,-0.3755833197985098,768.7544843431111,960.0298102328575
bot01_mean_reversion,56704,1773230100000,2026-03-11 11:55:00+00:00,69199.172295,56706,1773230700000,2026-03-11 12:05:00+00:00,68945.31882453547,stop_loss,68979.80872889991,69534.15254220016,0.3831162588701445,-0.4664778184238287,768.0238481862859,958.9430347130353
bot01_mean_reversion,57397,1773439200000,2026-03-13 22:00:00+00:00,70832.9988,57403,1773441000000,2026-03-13 22:30:00+00:00,70536.53466874069,stop_loss,70571.8205790302,71249.15884193961,0.38258351677147073,-0.5181210341867716,767.1544277704282,957.7585426894631
bot01_mean_reversion,58098,1773650400000,2026-03-16 08:40:00+00:00,72941.81268,58111,1773654300000,2026-03-16 09:45:00+00:00,73261.90072500001,signal,72649.7046283605,73416.67074327898,0.38375160455441454,0.33838773017315876,766.2068341515704,958.2145302720758
bot01_mean_reversion,58401,1773741900000,2026-03-17 10:05:00+00:00,73703.70343499999,58413,1773745500000,2026-03-17 11:05:00+00:00,73889.406815,signal,73436.21734502856,74128.17530994288,0.38357654858149026,0.15170740135686955,766.5716242176607,958.3133331022086
bot01_mean_reversion,58550,1773786900000,2026-03-17 22:35:00+00:00,73998.190605,58557,1773789000000,2026-03-17 23:10:00+00:00,74337.0180111575,take_profit,73754.71244314284,74374.20511371436,0.3840103896277106,0.3574281830189649,766.6506664817668,958.8060417660284
bot01_mean_reversion,59124,1773959700000,2026-03-19 22:35:00+00:00,70072.45872,59136,1773963300000,2026-03-19 23:35:00+00:00,69810.53357362043,stop_loss,69845.45630177131,70421.4073964574,0.38261458449952557,-0.4734180675445638,767.0448334128228,957.7073561829963
bot01_mean_reversion,59704,1774134600000,2026-03-21 23:10:00+00:00,70186.825875,59711,1774136700000,2026-03-21 23:45:00+00:00,70034.03637247963,stop_loss,70069.0709079336,70317.10818413281,0.38247485188164376,-0.31747202714321504,766.165884946397,956.9083322107964
bot01_mean_reversion,59805,1774165200000,2026-03-22 07:40:00+00:00,68981.01327,59809,1774166400000,2026-03-22 08:00:00+00:00,68798.85069670172,stop_loss,68833.2673303669,69173.08533926617,0.3820670628056396,-0.3638123189241761,765.5266657686371,956.021376735754
bot01_mean_reversion,59936,1774204500000,2026-03-22 18:35:00+00:00,68489.92785,59943,1774206600000,2026-03-22 19:10:00+00:00,68288.11908323455,stop_loss,68322.28022334621,68722.53955330755,0.381654517496233,-0.3943600093143878,764.8171013886032,955.0768932955364
bot01_mean_reversion,60753,1774451100000,2026-03-25 15:05:00+00:00,70956.60057,60755,1774451700000,2026-03-25 15:15:00+00:00,70597.62530406239,stop_loss,70632.94177494985,71497.53645010029,0.38087434582410323,-0.6054022991390356,764.0615146364291,953.7306228342601
bot01_mean_reversion,60887,1774491300000,2026-03-26 02:15:00+00:00,70968.4665,60890,1774492200000,2026-03-26 02:30:00+00:00,70740.4070321018,stop_loss,70775.79492956657,71247.41014086685,0.3806891471227001,-0.4210318887618918,762.9844982674081,952.7375778007004
bot01_mean_reversion,61927,1774804800000,2026-03-29 17:20:00+00:00,66236.28158999998,61938,1774808100000,2026-03-29 18:15:00+00:00,66404.24127000001,signal,66066.81053466076,66475.91893067847,0.3813871842435701,0.15332297691264152,762.1900622405603,952.8388912553069
bot01_mean_reversion,65037,1775742600000,2026-04-09 13:50:00+00:00,70779.38200499999,65044,1775744700000,2026-04-09 14:25:00+00:00,70516.43185696396,stop_loss,70551.70771081936,71128.61457836124,0.38023772462720334,-0.4711351956554823,762.2711130042455,951.7513894340113
bot01_mean_reversion,65602,1775913000000,2026-04-11 13:10:00+00:00,72638.22095999999,65616,1775917200000,2026-04-11 14:20:00+00:00,72706.74844,signal,72497.08327912292,72811.59344175416,0.3806896038959512,-0.005753539093811193,761.4011115472091,951.5500982303488
bot01_mean_reversion,65749,1775957400000,2026-04-12 01:30:00+00:00,72648.91630499999,65750,1775957700000,2026-04-12 01:35:00+00:00,72415.50606159656,stop_loss,72451.73192756034,72934.36614487933,0.3798189027115935,-0.420963952416139,761.240078584279,950.5594527667372
bot01_mean_reversion,65861,1775991000000,2026-04-12 10:50:00+00:00,71426.13522,65882,1775997300000,2026-04-12 12:35:00+00:00,71450.266995,signal,71305.10327382851,71561.11345234296,0.38009783549947995,-0.06624814831328138,760.4475622133898,950.2435212145762
bot01_mean_reversion,66106,1776064800000,2026-04-13 07:20:00+00:00,70754.14939499999,66122,1776069600000,2026-04-13 08:40:00+00:00,70571.44872455696,stop_loss,70606.75210060726,70942.86579878545,0.37941710862384026,-0.35796079994353197,760.1948169716609,949.373852948205
bot01_mean_reversion,66656,1776230700000,2026-04-15 05:25:00+00:00,74052.62780999999,66659,1776231600000,2026-04-15 05:40:00+00:00,73849.28672729086,stop_loss,73886.22984221196,74274.40031557606,0.37903881072497003,-0.3743153722344811,759.499082358564,948.4739584537576
bot01_mean_reversion,67497,1776484200000,2026-04-18 03:50:00+00:00,77043.59254499999,67505,1776486600000,2026-04-18 04:30:00+00:00,76854.1424884557,stop_loss,76892.58878284713,77230.09243430573,0.37873389589480677,-0.34565392167712433,758.7791667630061,947.6292318628572
bot01_mean_reversion,68088,1776662400000,2026-04-20 05:20:00+00:00,74190.926925,68096,1776664800000,2026-04-20 06:00:00+00:00,74369.26299002409,take_profit,74027.54188843218,74406.46622313565,0.3793172831207703,0.14013411928274794,758.1033854902857,947.7050308017364
bot01_mean_reversion,68517,1776791700000,2026-04-21 17:15:00+00:00,75138.100275,68521,1776792900000,2026-04-21 17:35:00+00:00,75661.46576797507,take_profit,74801.16728715606,75699.3154256879,0.38021137640453884,0.5958415578362121,758.1640246413891,948.6437245153364
bot01_mean_reversion,68546,1776800400000,2026-04-21 19:40:00+00:00,74897.440005,68551,1776802200000,2026-04-21 20:10:00+00:00,75449.32135207781,take_profit,74546.48255773996,75487.06488452006,0.38066437818932286,0.6361125636522866,758.9149796122691,949.6596772652383
bot01_mean_reversion,69210,1777000800000,2026-04-24 03:20:00+00:00,77751.066105,69225,1777005300000,2026-04-24 04:35:00+00:00,77484.2799473205,stop_loss,77523.04146805452,78090.54706389096,0.3790228798584687,-0.44278548819112656,759.7277418121906,948.6295952732063
bot01_mean_reversion,69440,1777070100000,2026-04-24 22:35:00+00:00,77342.942145,69453,1777074000000,2026-04-24 23:40:00+00:00,77400.02063000001,signal,77190.21138207926,77532.44723584146,0.3794019884149592,-0.02627458313116952,758.903676218565,948.3900695095226
bot01_mean_reversion,69645,1777131900000,2026-04-25 15:45:00+00:00,77539.7505,69646,1777132200000,2026-04-25 15:50:00+00:00,77400.02845628106,stop_loss,77438.74783019615,77625.5043396077,0.37882490301737504,-0.2800138906498226,758.7120556076181,947.6697978339732
bot01_mean_reversion,69646,1777132200000,2026-04-25 15:50:00+00:00,77367.354345,69655,1777134900000,2026-04-25 16:35:00+00:00,77209.64135243956,stop_loss,77248.26548518214,77489.53902963572,0.3784924074416835,-0.3036456860929966,758.1358382671785,946.9053276941925
bot01_mean_reversion,69786,1777174500000,2026-04-26 03:35:00+00:00,77390.43587999999,69793,1777176600000,2026-04-26 04:10:00+00:00,77434.20486136324,take_profit,77291.16933398537,77472.94133202925,0.3786797493747549,-0.043500496043613474,757.524262155354,946.6336473074346
bot01_mean_reversion,69896,1777207500000,2026-04-26 12:45:00+00:00,77872.05657,69905,1777210200000,2026-04-26 13:30:00+00:00,77921.02,signal,77760.76265222524,77977.89469554953,0.3785830556737306,-0.03718611177805715,757.3069178459476,946.373987731979
bot01_mean_reversion,70090,1777266000000,2026-04-27 05:00:00+00:00,78798.629625,70092,1777266600000,2026-04-27 05:10:00+00:00,78569.18658826817,stop_loss,78608.490833685,79060.76833262999,0.37780974782021637,-0.3908852536978287,757.0991901855832,945.4456055091299
bot01_mean_reversion,71421,1777667400000,2026-05-01 20:30:00+00:00,78155.328135,71423,1777668000000,2026-05-01 20:40:00+00:00,77947.34620426265,stop_loss,77986.33937394962,78376.13125210075,0.37748646447122686,-0.3658474524573789,756.3564844073039,944.5654304333355
bot01_mean_reversion,71423,1777668000000,2026-05-01 20:40:00+00:00,78022.33166999999,71425,1777668600000,2026-05-01 20:50:00+00:00,77809.92243472137,stop_loss,77848.84685815044,78252.3262836991,0.37712347340041125,-0.3719693471105433,755.6523443466683,943.6745212730987
bot01_mean_reversion,72592,1778020500000,2026-05-05 22:35:00+00:00,81042.130815,72604,1778024100000,2026-05-05 23:35:00+00:00,80758.37402773013,stop_loss,80798.77341443734,81407.34317112532,0.37662090765514045,-0.4497847695166006,754.9396170184789,942.6377344155991
bot01_mean_reversion,72676,1778045700000,2026-05-06 05:35:00+00:00,81115.547505,72680,1778046900000,2026-05-06 05:55:00+00:00,81289.335,signal,80933.47953339142,81358.07093321715,0.37727007661148193,0.11403259035428488,754.1101875324792,942.663974731113
bot01_mean_reversion,73547,1778308500000,2026-05-09 06:35:00+00:00,80260.20004499999,73554,1778310600000,2026-05-09 07:10:00+00:00,80097.2401239214,stop_loss,80137.30877831054,80385.6524433789,0.37649464382069964,-0.30283647569559174,754.1311797848904,941.9050668104929
bot01_mean_reversion,76447,1779182700000,2026-05-19 09:25:00+00:00,76808.385,76460,1779186600000,2026-05-19 10:30:00+00:00,76892.064735,signal,76639.68886378182,77030.62227243635,0.376778674232186,0.00883714748722315,753.5240534483944,941.7333166576117
bot01_mean_reversion,76782,1779283800000,2026-05-20 13:30:00+00:00,77293.08723,76783,1779284100000,2026-05-20 13:35:00+00:00,77094.61882970674,stop_loss,77133.18542241794,77497.00915516415,0.37602183873250145,-0.35651703017501407,753.3866533260893,940.8741535516674
bot01_mean_reversion,76783,1779284100000,2026-05-20 13:35:00+00:00,77134.50798000001,76790,1779286200000,2026-05-20 14:10:00+00:00,76913.59043044197,stop_loss,76952.0664636738,77383.74707265242,0.37562308228228536,-0.386119193326181,752.6993228413339,939.9601261617138
bot01_mean_reversion,78024,1779658200000,2026-05-24 21:30:00+00:00,76447.714755,78025,1779658500000,2026-05-24 21:35:00+00:00,76253.31725077641,stop_loss,76291.46298226753,76645.60403546492,0.37531849497721514,-0.35403389406960795,751.9681009293711,939.1072442044986
bot01_mean_reversion,78025,1779658500000,2026-05-24 21:35:00+00:00,76261.85187,78030,1779660000000,2026-05-24 22:00:00+00:00,76467.57154927241,take_profit,76082.69776924844,76505.82446150316,0.3759612261454156,0.16948461721526523,751.2857953635988,939.2374328908102
bot01_mean_reversion,78281,1779735600000,2026-05-25 19:00:00+00:00,77473.88758499999,78288,1779737700000,2026-05-25 19:35:00+00:00,77317.54735678408,stop_loss,77356.22546951883,77593.05906096233,0.37512843354886444,-0.3015955218670725,751.3899463126481,938.4836123363798
bot01_mean_reversion,79342,1780055400000,2026-05-29 11:50:00+00:00,73465.60444499999,79347,1780057200000,2026-05-29 12:20:00+00:00,73293.03047475938,stop_loss,73329.69532242058,73627.27935515883,0.37476528117620866,-0.3346695403553777,750.7868898691038,937.6683800193275
bot01_mean_reversion,79757,1780180800000,2026-05-30 22:40:00+00:00,73843.273185,79761,1780182000000,2026-05-30 23:00:00+00:00,73899.74297876918,take_profit,73741.19933278179,73936.71133443639,0.3750230866020028,-0.023603976987757624,750.134704015462,937.4366252030012
bot01_mean_reversion,80312,1780347900000,2026-06-01 21:05:00+00:00,71184.15428999999,80319,1780350000000,2026-06-01 21:40:00+00:00,70967.70274655345,stop_loss,71003.20434872781,71439.33130254438,0.37421763517849627,-0.4037685761105857,749.949300162401,936.492879990159
bot01_mean_reversion,80365,1780364100000,2026-06-02 01:35:00+00:00,70879.03180499999,80369,1780365300000,2026-06-02 01:55:00+00:00,70620.00654984376,stop_loss,70655.33421695224,71220.16156609553,0.37372606097619887,-0.4650814963344679,749.1943039921273,935.4353614853162
bot01_mean_reversion,80828,1780503600000,2026-06-03 16:20:00+00:00,65674.670925,80841,1780507500000,2026-06-03 17:25:00+00:00,65919.23389500001,signal,65272.41003410093,66380.72993179815,0.37468304601839497,0.27201314234071483,748.3482891882529,935.7566669358633
bot01_mean_reversion,80870,1780516200000,2026-06-03 19:50:00+00:00,65388.37785,80881,1780519500000,2026-06-03 20:45:00+00:00,65078.622328146615,stop_loss,65111.17791710517,65844.74416578966,0.3732298352989487,-0.5732427634791448,748.6053335486906,934.4977569585549
bot01_mean_reversion,81349,1780660800000,2026-06-05 12:00:00+00:00,61679.4243,81351,1780661400000,2026-06-05 12:10:00+00:00,62223.524277262244,take_profit,61345.57419846811,62254.65160306377,0.37525927356016386,0.7812596476925724,747.598205566844,935.7695680131284
bot01_mean_reversion,81430,1780685100000,2026-06-05 18:45:00+00:00,59809.900004999996,81431,1780685400000,2026-06-05 18:50:00+00:00,59297.96008485445,stop_loss,59327.62389680285,60684.78220639431,0.37252034043676907,-0.9550891745056465,748.6156544105027,933.7967148178119
bot01_mean_reversion,82006,1780858800000,2026-06-07 19:00:00+00:00,61883.08608,82007,1780859100000,2026-06-07 19:05:00+00:00,61637.948912494016,stop_loss,61668.78330414608,62218.91339170784,0.37259285751730986,-0.49573338346748236,747.0373718542495,932.6850528934433
bot01_mean_reversion,82007,1780859100000,2026-06-07 19:05:00+00:00,61613.311259999995,82009,1780859700000,2026-06-07 19:15:00+00:00,61352.31513624443,stop_loss,61383.00663956421,61981.54672087156,0.3720980970765915,-0.523179865356593,746.1480423147547,931.5235677261596
bot01_mean_reversion,84386,1781576400000,2026-06-16 02:20:00+00:00,66075.74136,84387,1781576700000,2026-06-16 02:25:00+00:00,65887.06067411671,stop_loss,65920.02068445894,66288.11863108212,0.3718916572989479,-0.3852665763830773,745.2188541809277,930.6202109908899
bot01_mean_reversion,85257,1781838900000,2026-06-19 03:15:00+00:00,62558.523629999996,85258,1781839200000,2026-06-19 03:20:00+00:00,62798.04908294833,take_profit,62376.15809257213,62829.46381485576,0.3727738835499479,0.28249932001374384,744.4961687927118,930.95936030313
bot01_mean_reversion,86420,1782189600000,2026-06-23 04:40:00+00:00,63842.20515,86422,1782190200000,2026-06-23 04:50:00+00:00,63681.15713014423,stop_loss,63713.01363696271,64004.87272607459,0.3717283352726488,-0.35200722853777944,744.767488242504,930.1184149913147
bot01_mean_reversion,87063,1782383400000,2026-06-25 10:30:00+00:00,61583.1762,87065,1782384000000,2026-06-25 10:40:00+00:00,61432.2642547689,stop_loss,61462.99575264522,61731.20849470957,0.37140593997160587,-0.34480879777336376,744.0947319930517,929.2916067094213
bot01_mean_reversion,88057,1782683100000,2026-06-28 21:45:00+00:00,59411.83106999999,88060,1782684000000,2026-06-28 22:00:00+00:00,59599.58682745828,take_profit,59258.5092358888,59629.40152822239,0.37211755425835014,0.21570816506199644,743.4332853675371,929.5062590510865
bot01_mean_reversion,88253,1782742200000,2026-06-29 14:10:00+00:00,59118.544499999996,88261,1782744600000,2026-06-29 14:50:00+00:00,59557.04658,signal,58735.66963718621,59795.660725627575,0.37299411543489747,0.6409918184301772,743.6050072408692,930.5107780019247
bot01_mean_reversion,88473,1782808500000,2026-06-30 08:35:00+00:00,59289.980175,88486,1782812400000,2026-06-30 09:40:00+00:00,59328.10111,signal,59141.14360927048,59498.76278145902,0.3721377451584876,-0.03576854984165715,744.4086224015398,930.2581763700844
bot01_mean_reversion,88508,1782819000000,2026-06-30 11:30:00+00:00,59163.617025,88512,1782820200000,2026-06-30 11:50:00+00:00,59307.93011600698,take_profit,59032.27554226765,59337.59891546471,0.3723705860027974,0.1436781000983345,744.2065410960674,930.3391728741192
bot01_mean_reversion,88671,1782868200000,2026-07-01 01:10:00+00:00,58194.832875,88675,1782869400000,2026-07-01 01:30:00+00:00,58511.976334335435,take_profit,57978.001521092825,58541.24695781434,0.37296259823626016,0.4444234483096241,744.2713382992954,930.9792071970703
bot01_mean_reversion,89592,1783146000000,2026-07-04 06:20:00+00:00,62383.686255,89594,1783146600000,2026-07-04 06:30:00+00:00,62489.11738386648,take_profit,62268.5762136736,62520.377572652804,0.37251985138635146,0.06883532227814282,744.7833657576563,930.9210516946467
bot01_mean_reversion,89793,1783206600000,2026-07-04 23:10:00+00:00,63031.059779999996,89799,1783208400000,2026-07-04 23:40:00+00:00,63167.90003266689,take_profit,62899.59010872091,63199.49978255817,0.3725860376566449,0.11688261769890783,744.7368413557174,930.9522668461152
bot01_mean_reversion,90132,1783308600000,2026-07-06 03:30:00+00:00,63219.433919999996,90138,1783310400000,2026-07-06 04:00:00+00:00,63341.09361,signal,63037.89170895245,63487.7365820951,0.37255266351050853,0.09224789400014147,744.7618134768921,930.9376614080363
bot01_mean_reversion,90682,1783474500000,2026-07-08 01:35:00+00:00,63046.497494999996,90688,1783476300000,2026-07-08 02:05:00+00:00,62800.62464628242,stop_loss,62832.04066661572,63380.888666768544,0.37146349683828317,-0.4895965448173103,744.7501291264291,929.8408177185484
bot01_mean_reversion,92960,1784161500000,2026-07-16 00:25:00+00:00,64604.71621499999,92970,1784164500000,2026-07-16 01:15:00+00:00,64440.02837740461,stop_loss,64472.264509659435,64772.76098068114,0.3712767701549217,-0.35466120648260924,743.8726541748387,928.9959521794394
bot01_mean_reversion,93926,1784452500000,2026-07-19 09:15:00+00:00,64612.279995,93930,1784453700000,2026-07-19 09:35:00+00:00,64495.64507119239,stop_loss,64527.90902570524,64684.15194858952,0.37107752147688255,-0.28033458793408056,743.1967617435515,928.2898144535052
bot01_mean_reversion,93930,1784453700000,2026-07-19 09:35:00+00:00,64541.184465,93939,1784456400000,2026-07-19 10:20:00+00:00,64565.351175,signal,64456.41935204517,64613.951295909654,0.37119971580654226,-0.06259358502615874,742.6318515628042,927.9880627257296
bot01_mean_reversion,93958,1784462400000,2026-07-19 12:00:00+00:00,64466.17698,93959,1784462700000,2026-07-19 12:05:00+00:00,64347.19871897518,stop_loss,64379.38841318177,64543.10317363645,0.37066743254478784,-0.2843746416057366,742.3904501805837,927.2752003602259
bot01_mean_reversion,94163,1784524200000,2026-07-20 05:10:00+00:00,64277.83285499999,94179,1784529000000,2026-07-20 06:30:00+00:00,64050.162133421036,stop_loss,64082.20323503855,64572.7235299229,0.3700684041606954,-0.45384368258097485,741.8201602881807,926.2489110127422
bot01_mean_reversion,95249,1784851500000,2026-07-24 00:05:00+00:00,64975.97175,95254,1784853000000,2026-07-24 00:30:00+00:00,64833.21052041325,stop_loss,64865.643342084295,65099.21331583141,0.3699077021553982,-0.3194941676376851,740.9991288101937,925.4723908430906
bot01_mean_reversion,95546,1784940900000,2026-07-25 00:55:00+00:00,64102.034999999996,95548,1784941800000,2026-07-25 01:10:00+00:00,63999.507818466795,stop_loss,64031.52358025692,64146.952839486155,0.3697081109059377,-0.25978377964392374,740.3779126744724,924.8069317790546
bot01_mean_reversion,96556,1785245700000,2026-07-28 13:35:00+00:00,63001.30491,96558,1785246300000,2026-07-28 13:45:00+00:00,62771.94878726576,stop_loss,62803.35046249701,63302.75907500599,0.3690651331249617,-0.4636857473647893,739.8455454232437,923.7651884456253
bot01_mean_reversion,97031,1785388800000,2026-07-30 05:20:00+00:00,63951.96,97033,1785389400000,2026-07-30 05:30:00+00:00,64090.92057034501,take_profit,63818.508969312155,64122.9820613757,0.3697223689089971,0.11707170472128411,739.0121507565002,923.7965126451525
bot01_mean_reversion,97338,1785481200000,2026-07-31 07:00:00+00:00,64149.97895999999,97339,1785481500000,2026-07-31 07:05:00+00:00,63986.348909897046,stop_loss,64018.35808894151,64317.043822116975,0.3688630437031305,-0.35481913276195276,739.037210116122,922.9568475490478
bot01_mean_reversion,100234,1786354500000,2026-08-10 09:35:00+00:00,65112.550005,100236,1786355100000,2026-08-10 09:45:00+00:00,64987.32492100967,stop_loss,65019.83483842888,65200.360323142246,0.36864349475632413,-0.2921286432442597,738.3654780392383,922.2335511605063
bot01_mean_reversion,101169,1786636500000,2026-08-13 15:55:00+00:00,63448.078185,101177,1786638900000,2026-08-13 16:35:00+00:00,63245.01178358322,stop_loss,63276.650108637536,63695.80978272494,0.36811923997730356,-0.4197312524169078,737.786840928405,921.2756981438621
bot01_mean_reversion,102567,1787058000000,2026-08-18 13:00:00+00:00,64214.48119499999,102570,1787058900000,2026-08-18 13:15:00+00:00,64105.340751391675,stop_loss,64137.409456119734,64272.35108776053,0.36801317291029656,-0.26979239127326393,737.0205585150896,920.5948337633322
bot01_mean_reversion,102771,1787119500000,2026-08-19 06:05:00+00:00,64213.62076499999,102774,1787120400000,2026-08-19 06:20:00+00:00,64249.82744399996,take_profit,64131.310785892965,64281.96842821406,0.36815752571249244,-0.043671651138725634,736.4758670106658,920.3303874115319
bot01_mean_reversion,103022,1787195100000,2026-08-20 03:05:00+00:00,69084.525,103033,1787198400000,2026-08-20 04:00:00+00:00,69255.34500500001,signal,68868.99617980597,69412.00764038808,0.36840275982982834,0.14701506595726785,736.2643099292255,920.4166555944
bot01_mean_reversion,103495,1787337900000,2026-08-21 18:45:00+00:00,76740.19092,103503,1787340300000,2026-08-21 19:25:00+00:00,77232.6433383233,take_profit,76417.12051109389,77271.2789778122,0.3691626858130121,0.5410721161976652,736.33332447552,921.227599814958
bot01_mean_reversion,103619,1787375400000,2026-08-22 05:10:00+00:00,77366.34383999999,103620,1787375700000,2026-08-22 05:15:00+00:00,76862.92655832105,stop_loss,76901.37724694452,78180.28550611094,0.3671091208202799,-0.7500421752349119,736.9820798519664,919.6628171083975
bot01_mean_reversion,104510,1787643900000,2026-08-25 07:45:00+00:00,79928.994525,104511,1787644200000,2026-08-25 07:50:00+00:00,79595.3756551147,stop_loss,79635.19325174057,80396.76349651888,0.3669142384220011,-0.5169766590910608,735.730253686718,918.5289470120392
